{"cameraMode":{"drawMode":0,"name":"Shaded","section":"Shading Mode"},"sceneLighting":true,"audioPlay":false,"sceneViewState":{"m_AlwaysRefresh":false,"showFog":true,"showSkybox":true,"showFlares":true,"showImageEffects":true,"showParticleSystems":true,"showVisualEffectGraphs":true,"m_FxEnabled":true},"in2DMode":false,"pivot":{"x":174.46722412109376,"y":-0.8277035355567932,"z":26.5938663482666},"rotation":{"x":0.031276967376470569,"y":0.9667990207672119,"z":-0.1368715763092041,"w":0.21526138484477998},"size":23.56687355041504,"orthographic":false}