{"cameraMode":{"drawMode":0,"name":"Shaded","section":"Shading Mode"},"sceneLighting":true,"audioPlay":false,"sceneViewState":{"m_AlwaysRefresh":false,"showFog":true,"showSkybox":true,"showFlares":true,"showImageEffects":true,"showParticleSystems":true,"showVisualEffectGraphs":true,"m_FxEnabled":true},"in2DMode":false,"pivot":{"x":-0.23837128281593324,"y":0.747014582157135,"z":-0.24944667518138886},"rotation":{"x":-0.24034686386585236,"y":0.5802262425422669,"z":-0.18446169793605805,"w":-0.7560110092163086},"size":12.025308609008789,"orthographic":false}