{"cameraMode":{"drawMode":0,"name":"Shaded","section":"Shading Mode"},"sceneLighting":true,"audioPlay":false,"sceneViewState":{"m_AlwaysRefresh":false,"showFog":true,"showSkybox":true,"showFlares":true,"showImageEffects":true,"showParticleSystems":true,"showVisualEffectGraphs":true,"m_FxEnabled":true},"in2DMode":false,"pivot":{"x":-60.70183563232422,"y":-37.59291076660156,"z":43.9295654296875},"rotation":{"x":0.0031174977775663139,"y":-0.9622536897659302,"z":0.27234095335006716,"w":0.012369021773338318},"size":120.5718002319336,"orthographic":false}